,id,listing_url,scrape_id,last_scraped,source,name,description,host_id,host_url,host_name,host_since,host_location,host_response_time,host_response_rate,host_acceptance_rate,host_is_superhost,host_neighbourhood,host_total_listings_count,host_verifications,host_has_profile_pic,host_identity_verified,neighbourhood,property_type,room_type,accommodates,bathrooms,bedrooms,beds,amenities,price,minimum_nights,maximum_nights,has_availability,availability_30,availability_60,availability_90,availability_365,calendar_last_scraped,number_of_reviews,first_review,last_review,review_scores_rating,review_scores_accuracy,review_scores_cleanliness,review_scores_checkin,review_scores_communication,review_scores_location,review_scores_value,instant_bookable,reviews_per_month
95,941865,https://www.airbnb.com/rooms/941865,20240925020907,2024-09-25,city scrape,Suite Room 3 at MetroPoint,,610315,https://www.airbnb.com/users/show/610315,Kasem,2011-05-21,"Bangkok, Thailand",within an hour,1.0,1.0,f,Bang Kapi,3,"['email', 'phone', 'work_email']",t,t,,Private room in serviced apartment,Private room,3,1.0,1.0,1.0,"[""Washer"", ""Air conditioning"", ""Wifi"", ""TV with standard cable"", ""Breakfast"", ""Kitchen"", ""Dryer"", ""Elevator"", ""Free parking on premises""]",1826.0,1,365,t,30,60,90,365,2024-09-25,1,2024-01-01,2024-01-01,4.0,4.0,2.0,5.0,5.0,5.0,4.0,f,0.11
1483,11387357,https://www.airbnb.com/rooms/11387357,20240925020907,2024-09-25,city scrape,Double Bedroom with Bathtub @ Thonglo 6 DoubleFive,"Double five hostel is located in soi Thonglor 6 which is 10 min walk from Thonglo BTS. We are a 4 storey high town home turned into a small hostel, which has altogether 14 rooms. Thonglo is famous for concept restaurant and bars especially at night.",4654562,https://www.airbnb.com/users/show/4654562,ChampTik,2013-01-10,"Bangkok, Thailand",a few days or more,0.0,0.0,f,,39,"['email', 'phone', 'work_email']",t,t,,Entire rental unit,Entire home/apt,2,1.0,0.0,1.0,"[""Hangers"", ""Air conditioning"", ""Wifi"", ""Hair dryer"", ""TV with standard cable"", ""Shampoo"", ""Essentials""]",1122.0,1,1125,t,30,60,90,365,2024-09-25,1,2016-12-09,2016-12-09,4.0,3.0,2.0,4.0,5.0,5.0,3.0,f,0.01
1543,11677929,https://www.airbnb.com/rooms/11677929,20240925020907,2024-09-25,city scrape,Room for Family or Group Travellers,"Apartment building located in Onnuch 36, 4 kms from BTS Onnuch station, provided you a bicycle. It is fully furnished room for short and long term rent. Located just 30 mins drive from new Airport and is in the peaceful and green area of Bangkok.",34490141,https://www.airbnb.com/users/show/34490141,Joy,2015-05-29,"Bangkok, Thailand",within a day,1.0,1.0,f,,7,"['email', 'phone']",t,t,"Bangkok, Krung Thep Maha Nakhon, Thailand",Entire rental unit,Entire home/apt,4,1.0,2.0,2.0,"[""TV"", ""Fire extinguisher"", ""Heating"", ""Dedicated workspace"", ""Washer"", ""Wifi"", ""Self check-in"", ""Backyard"", ""Kitchen"", ""AC - split type ductless system"", ""Refrigerator"", ""Building staff"", ""Dryer"", ""Shampoo"", ""Essentials"", ""Free parking on premises""]",652.0,1,1125,t,30,60,90,365,2024-09-25,9,2016-08-18,2023-05-12,3.11,3.44,2.67,3.67,3.22,3.22,3.67,t,0.09
4178,23950386,https://www.airbnb.com/rooms/23950386,20240925020907,2024-09-25,city scrape,"à¸à¸²à¸£à¸°à¹€à¸à¸”à¹€à¸žà¸¥à¸ª Garakedplace ,Ramkamhaeng 21 rd.å®¿èˆ","Stay with us and tour Bangkok by boat,<br />à¸«à¸­à¸žà¸±à¸à¸ªà¸µà¹ˆà¸Šà¸±à¹‰à¸™ à¸–à¸™à¸™à¸£à¸²à¸¡à¸„à¸³à¹à¸«à¸‡ 21  A 4 storey hostel on Ramkamhaeng 21rd about 250 metres from the entrance .the Mall and Big C Departments are near by ,fully furnished with air condition ,can speak Chinese/English,no additional electricity,water , wify  charges.If coming from Suwanapoom airport, take airporttrian and get off  Ramkamhaeng station.You can travel by boat[fast and cheap]to Commercial center or Grand Palace from our hostel.",174335362,https://www.airbnb.com/users/show/174335362,Kriangsak,2018-02-20,,within an hour,1.0,,f,Bang Kapi,4,"['email', 'phone']",t,t,"Khet Bang Kapi, Krung Thep Maha Nakhon, Thailand",Private room in rental unit,Private room,2,1.0,0.0,1.0,"[""Dedicated workspace"", ""Free street parking"", ""Hangers"", ""Coffee maker"", ""Hot tub"", ""Air conditioning"", ""Wifi"", ""Self check-in"", ""Paid parking off premises"", ""Essentials"", ""Keypad""]",370.0,3,1125,t,28,58,88,363,2024-09-25,1,2018-08-20,2018-08-20,5.0,2.0,2.0,5.0,5.0,4.0,5.0,f,0.01
4419,25201759,https://www.airbnb.com/rooms/25201759,20240925020907,2024-09-25,city scrape,BTS Bang Wa Station 2000 feets Room 105,Clean Convenience Cheap Comfortable,58085894,https://www.airbnb.com/users/show/58085894,Thap,2016-02-09,"Bangkok, Thailand",,,1.0,f,Phasi Charoen,3,['phone'],t,t,,Private room in serviced apartment,Private room,2,1.0,1.0,1.0,"[""TV"", ""Fire extinguisher"", ""Hot water"", ""Free street parking"", ""Hangers"", ""Washer"", ""Room-darkening shades"", ""Air conditioning"", ""Wifi"", ""Bed linens"", ""Clothing storage"", ""Free parking on premises""]",650.0,1,1125,t,30,60,90,180,2024-09-25,1,2019-07-05,2019-07-05,4.0,5.0,1.0,5.0,5.0,2.0,3.0,t,0.02
8383,41052378,https://www.airbnb.com/rooms/41052378,20240925020907,2024-09-25,city scrape,ã€Šå¤©æˆå¸æ™¯ã€‹æ›¼è°·è¾‰ç…Œæ–°å•†ä¸šåŒºæ‹‰å·®è¾¾ç«è½¦å¤œå¸‚äºšæ´²å…¬å¯“è®¾è®¡å¤§å¥–ä¸€å®¤ä¸€å»³,"New Asian Design Award Nordic Style Eco Town;<br />10 Free Facilities Gymnasium on Private Land<br />Shared Studio<br />Olympics<br />Standard 50m open-air infinity garden swimming pool etc.<br />Invincible supporting facilities;<br />There is a Starbucks at the entrance of the neighborhood<br />Located in the China-Korea Consulate area<br />Near Tibetan Internet Red Train Night Market, 24-hour Glorious Night Market, 24-hour Street Mall, Shopping Street, Fake Club, etc. <br />please noteï¼š<br />Hello valued guest!  We are a homestay, not a hotel, so the booked room does not include water and electricity bills.  In addition, a deposit of 5,000 baht is required after check-in.  Refund when you check out",304429745,https://www.airbnb.com/users/show/304429745,Tian,2019-10-25,Thailand,within a few hours,0.7,0.91,f,,14,"['email', 'phone']",t,t,,Entire rental unit,Entire home/apt,2,1.5,1.0,2.0,"[""TV"", ""Smoke alarm"", ""Fire extinguisher"", ""Carbon monoxide alarm"", ""Cooking basics"", ""Pool"", ""Washer"", ""Air conditioning"", ""Wifi"", ""Hair dryer"", ""Self check-in"", ""Kitchen"", ""Building staff"", ""Free parking on premises""]",752.0,25,1125,t,29,59,89,364,2024-09-25,2,2023-02-17,2023-04-02,3.5,3.0,2.5,3.5,3.0,4.5,3.0,f,0.1
8502,41330513,https://www.airbnb.com/rooms/41330513,20240925020907,2024-09-25,previous scrape,Natee  Hostel-Private Dorm for 5 with Bathroom,Private dormitory room for 5 persons has a private bathroom and air conditioning. <br />Bed type: 5 Bunk Beds,226784821,https://www.airbnb.com/users/show/226784821,Natee,2018-11-21,"Bangkok, Thailand",within an hour,1.0,0.98,f,Ratchathewi/Phaya Thai,11,"['email', 'phone']",t,t,,Private room in hostel,Private room,5,,,,"[""Smoke alarm"", ""Fire extinguisher"", ""Air conditioning"", ""Wifi"", ""Hair dryer"", ""Breakfast"", ""Shampoo"", ""Essentials""]",,1,365,t,12,24,38,299,2024-09-25,3,2022-08-08,2023-07-25,3.67,3.67,2.33,3.67,4.0,4.67,3.67,t,0.12
9050,43020997,https://www.airbnb.com/rooms/43020997,20240925020907,2024-09-25,city scrape,Central Bangkok luxury condominium-21,"There is 360Âº swimming pool on 42nd floor, fitness on 43rd floor. Have library room ,sauna room,table tennis etc.",149897292,https://www.airbnb.com/users/show/149897292,Dom,2017-09-10,"Bangkok, Thailand",,,1.0,f,,15,"['email', 'phone']",t,t,"Khet Ratchathewi, Krung Thep Maha Nakhon, Thailand",Entire rental unit,Entire home/apt,3,1.0,1.0,0.0,"[""Gym"", ""TV"", ""Smoke alarm"", ""Hot water"", ""Cooking basics"", ""Pool"", ""Hangers"", ""Washer"", ""Wifi"", ""Hair dryer"", ""Kitchen"", ""Private entrance"", ""Elevator"", ""Free parking on premises""]",2850.0,90,1125,t,30,60,90,90,2024-09-25,1,2020-04-27,2020-04-27,5.0,5.0,2.0,5.0,5.0,5.0,4.0,f,0.02
9522,46718374,https://www.airbnb.com/rooms/46718374,20240925020907,2024-09-25,city scrape,ã€K5ã€‘BTS Chong Nonsi Sathon New condo sky pool&gym,"My apartment is Knightbridge prime Sathorn, located in Sathorn, Bangkok's commercial and financial district. In the apartment, you can clearly see Bangkok's landmark building--MahaNakhon, and you can enjoy its different beauty under the sun and night lights at home~~ The apartment is a newly completed luxury decoration Condon in 2019. It has a luxurious lobby, swimming pool on the top floor and gym with much equipment, electronic password lock, 24-hour security and CCTV.",262124311,https://www.airbnb.com/users/show/262124311,Jessica-Sathon,2019-05-15,"Bangkok, Thailand",within an hour,1.0,1.0,f,,17,"['email', 'phone']",t,t,"Khet Sathon, Krung Thep Maha Nakhon, Thailand",Entire condo,Entire home/apt,2,1.0,1.0,1.0,"[""Pool table"", ""Smoke alarm"", ""Hot water"", ""Carbon monoxide alarm"", ""Dedicated workspace"", ""Hangers"", ""Extra pillows and blankets"", ""Room-darkening shades"", ""Shared gym in building"", ""Hot water kettle"", ""Hair dryer"", ""Free parking garage on premises \u2013 1 space"", ""50 inch HDTV"", ""AC - split type ductless system"", ""Refrigerator"", ""Canal view"", ""Free washer \u2013 In unit"", ""Microwave"", ""Electric stove"", ""Luggage dropoff allowed"", ""Dining table"", ""Wifi"", ""Shared outdoor pool - available all year, open specific hours, infinity, rooftop"", ""Kitchen"", ""Elevator"", ""Exercise equipment"", ""Shared backyard \u2013 Not fully fenced"", ""Dishes and silverware"", ""Resort access"", ""Shared hot tub"", ""Cleaning products"", ""City skyline view"", ""Self check-in"", ""EV charger"", ""Fire extinguisher"", ""Cooking basics"", ""Private patio or balcony"", ""Central air conditioning"", ""Clothing storage: wardrobe"", ""Smart lock"", ""Private entrance"", ""Paid parking lot off premises"", ""Essentials""]",1000.0,30,730,t,26,52,82,262,2024-09-25,4,2021-01-27,2024-08-23,3.25,3.0,2.75,2.75,3.0,4.25,3.5,t,0.09
11292,709823333508041776,https://www.airbnb.com/rooms/709823333508041776,20240925020907,2024-09-25,city scrape,"Newly 3 Bedroom Suite, bts On Nut",Enjoy a peaceful stay at Shan Sukhumvit that was closed to On Nut BTS station. The Suite room was located in the peaceful area not much traffic and the swimming pool that very suit you for your holiday also very convenient to get to the central of Bangkok and famous attraction. Perfect for both business and holiday travel. You will feel like your own home in Bangkok for a peaceful and welcoming stay in one of the most exciting cities in the world.,477497744,https://www.airbnb.com/users/show/477497744,Vichak,2022-08-31,,within an hour,1.0,1.0,t,,8,"['email', 'phone']",t,t,,Room in boutique hotel,Private room,6,3.0,3.0,3.0,"[""TV"", ""Smoke alarm"", ""Fire extinguisher"", ""Dedicated workspace"", ""Exterior security cameras on property"", ""Pool"", ""Air conditioning"", ""Wifi"", ""Hair dryer"", ""Self check-in"", ""Crib"", ""Building staff"", ""Iron"", ""Free parking on premises""]",11327.0,1,365,t,24,45,72,344,2024-09-25,1,2023-06-21,2023-06-21,4.0,4.0,1.0,4.0,4.0,4.0,4.0,t,0.06
12241,780130696121233047,https://www.airbnb.com/rooms/780130696121233047,20240925020907,2024-09-25,previous scrape,New! Gateway/Bangkok University 2BR3PPL near BTS,"Welcome to my house! The guest should rent this room for at least for 30days. Click my avatar directly if you have any question or the date is not available~<br />* Good location: close to Ekkamai BTS. There are famous cafesï¼Œrestaurants, tennis court,shopping mall,etc<br />* Nice Property with gym and 2 forest pool. <br />* Comfortable living: Smart solar fresh air system can refresh the air throughout the day; smart toilet; French window; King size bed",201677068,https://www.airbnb.com/users/show/201677068,Curry,2018-07-11,"Bangkok, Thailand",within an hour,1.0,1.0,f,Lower Sukhumvit,462,"['email', 'phone']",t,t,,Entire rental unit,Entire home/apt,3,,2.0,,"[""Dedicated workspace"", ""Hot water"", ""Hangers"", ""Room-darkening shades"", ""Shared gym in building"", ""Hot water kettle"", ""Hair dryer"", ""Refrigerator"", ""Shared backyard"", ""Microwave"", ""TV"", ""Lockbox"", ""Dining table"", ""Air conditioning"", ""Wifi"", ""Kitchen"", ""Elevator"", ""Exercise equipment"", ""Dishes and silverware"", ""Cleaning available during stay"", ""Washer"", ""Self check-in"", ""Garden view"", ""Iron"", ""Cooking basics"", ""Shared outdoor pool - available all year, open 24 hours, rooftop"", ""Clothing storage: wardrobe"", ""Essentials"", ""Induction stove""]",,30,180,t,14,44,52,319,2024-09-25,1,2024-03-27,2024-03-27,4.0,3.0,2.0,5.0,5.0,5.0,5.0,t,0.16
12497,792506401146020187,https://www.airbnb.com/rooms/792506401146020187,20240925020907,2024-09-25,previous scrape,Pratunam Night Market near Hotel,"On a side street in the bustling Pratunam shopping district, this modest hotel is an 8-minute walk from the Ratchaprarop Skytrain station, 12 minutes on foot from Pratunam Night Market and 7 km<br />from the Grand Palace complex..<br /><br />Straightforward, air-conditioned rooms feature free Wi-Fi, flat-screen TVs and minifridges; some have city views.<br /><br />Nearby attractions<br />Pratunam Center - 720m<br />Victory Monument BTS Station - 780m<br />Siam BTS Station - 1.16 km <br />Siam Discovery - 1.17 km <br />Jim Thompson - 1.18 km",186270866,https://www.airbnb.com/users/show/186270866,Elmer,2018-04-25,Philippines,within a day,0.68,0.16,f,Moo 2,510,"['email', 'phone']",t,t,,Room in hotel,Private room,1,,1.0,,"[""TV"", ""Fire extinguisher"", ""Smoke alarm"", ""Exterior security cameras on property"", ""Air conditioning"", ""Wifi""]",,1,365,t,29,59,89,364,2024-09-25,1,2024-02-18,2024-02-18,4.0,4.0,2.0,5.0,5.0,5.0,4.0,f,0.14
13137,824439463386036139,https://www.airbnb.com/rooms/824439463386036139,20240925020907,2024-09-25,previous scrape,monthly/2B2Bath/SkyPool/MRTstation/BangO,"1ã€Condo name: The tree rio bang O<br />2ã€68 SQ/ one bedroom one bathroom  space with separatelivingroom and kitchen<br />3ã€0 M to MRT station BANG AOR  ,GATEWAY   Shopping Mall, Surper Market LUTOS,Local traditional market not over 5mins<br />4ã€Condo common area:Fitness /Swimming Pool/Garden/Co working space<br />5ã€Fully furniture and electrical equipment :TV/ refrigerate/water heater/ micro wave / washing machine<br />6ã€monthly rental electric/water/internet  pay deposite 5000caht when check in.",270215556,https://www.airbnb.com/users/show/270215556,Ideomobi,2019-06-21,"Bangkok, Thailand",within an hour,1.0,0.96,f,,65,['phone'],t,t,,Entire rental unit,Entire home/apt,4,,2.0,,"[""Smoke alarm"", ""Dedicated workspace"", ""Pool"", ""Hangers"", ""Room-darkening shades"", ""Shared gym in building"", ""Hot water kettle"", ""Patio or balcony"", ""Microwave"", ""TV"", ""Exterior security cameras on property"", ""Dining table"", ""Air conditioning"", ""Wifi"", ""\u4e1c\u829d refrigerator"", ""Paid parking garage off premises"", ""Kitchen"", ""Elevator"", ""Dishes and silverware"", ""Cleaning available during stay"", ""Washer"", ""Cleaning products"", ""Self check-in"", ""Iron"", ""Fire extinguisher"", ""Cooking basics"", ""Clothing storage: wardrobe"", ""Smart lock"", ""Essentials"", ""Induction stove""]",,25,730,t,30,60,90,365,2024-09-25,2,2023-07-12,2023-12-13,3.5,3.5,2.5,3.5,5.0,5.0,3.5,t,0.14
14581,894923967407236678,https://www.airbnb.com/rooms/894923967407236678,20240925020907,2024-09-25,city scrape,Modern 2B/R apt @City center,"Stay in this downtown home, so your family can enjoy everything.",28558403,https://www.airbnb.com/users/show/28558403,Chao.House,2015-03-01,"Bangkok, Thailand",within an hour,0.9,0.98,f,,41,"['email', 'phone']",t,t,,Entire rental unit,Entire home/apt,4,2.0,2.0,2.0,"[""Gym"", ""Smoke alarm"", ""Dedicated workspace"", ""Hot water"", ""Hangers"", ""Room-darkening shades"", ""Hot water kettle"", ""Hair dryer"", ""Refrigerator"", ""Clothing storage"", ""Microwave"", ""TV"", ""Dining table"", ""Air conditioning"", ""Wifi"", ""Kitchen"", ""Shampoo"", ""Elevator"", ""Exercise equipment"", ""Dishes and silverware"", ""Free parking on premises"", ""Washer"", ""Self check-in"", ""Shower gel"", ""Iron"", ""Shared pool"", ""Cooking basics"", ""Smart lock"", ""EV charger"", ""Essentials""]",2550.0,20,365,t,30,60,90,365,2024-09-25,1,2024-01-13,2024-01-13,4.0,3.0,2.0,5.0,5.0,5.0,4.0,t,0.12
14726,903936413666868314,https://www.airbnb.com/rooms/903936413666868314,20240925020907,2024-09-25,city scrape,Chiang Ya Riverside Apartment78,"Located in Bangkok's only blue MRT bang O station runs through Bangkok city!Close to the largest flea market in Southeast Asia, Duqi Park, and direct ferry to popular attractions such as the Grand Palace, Wat Arun, iconsiam, Ferris wheel, etc. <br />Located in the only blue subway bang O station in Bangkok, running through the urban area of â€‹â€‹Bangkok!  Adjacent to the largest flea market in Southeast Asia, Zaduza, Zaduza Park, and there are ferries directly to the Grand Palace, Zhengwang Temple, iconsiam, Ferris wheel and other popular attractions",325788794,https://www.airbnb.com/users/show/325788794,æµ·è¿›,2020-01-09,,within a few hours,1.0,0.24,t,,31,['phone'],t,t,,Entire rental unit,Entire home/apt,2,1.0,1.0,1.0,"[""Gym"", ""TV"", ""Pool table"", ""Hot water"", ""Smoke alarm"", ""Pool"", ""Hangers"", ""Washer"", ""Outdoor shower"", ""Air conditioning"", ""Wifi"", ""Paid parking on premises"", ""Private entrance"", ""Outdoor playground"", ""Elevator"", ""Exercise equipment""]",495.0,30,365,t,0,29,59,334,2024-09-25,2,2024-04-24,2024-05-26,4.5,4.0,2.0,4.5,4.0,4.5,4.0,f,0.39
14759,906273681694845176,https://www.airbnb.com/rooms/906273681694845176,20240925020907,2024-09-25,city scrape,è¾‰ç…Œ Icon æ°‘å®¿ Huai Khwang,"This centrally located home brings you back to simple living in peace and quiet.<br /><br />Convenient ðŸ˜ transportation, many shopping malls, international restaurants<br />Huai khwang station MRT is only 2.3 km away<br />é™„è¿‘æ™¯ç‚¹<br />â›© The Street Ratchada Night Market<br />â›© Joad Night Market<br />â›© Big C Extra<br />â›© Fortune Town<br />â›© Central Rama 9<br />â›© Huai Khwang Market",374033182,https://www.airbnb.com/users/show/374033182,Apicha,2020-11-01,,within an hour,1.0,0.98,f,,7,"['email', 'phone']",t,t,"Khet Huai Khwang, Krung Thep Maha Nakhon, Thailand",Entire rental unit,Entire home/apt,1,1.0,1.0,1.0,"[""Smoke alarm"", ""Dedicated workspace"", ""Hot water"", ""Carbon monoxide alarm"", ""Hangers"", ""Hot water kettle"", ""Hair dryer"", ""Luggage dropoff allowed"", ""Exterior security cameras on property"", ""Air conditioning"", ""Wifi"", ""Smoking allowed"", ""Building staff"", ""Elevator"", ""Soap body soap"", ""Free parking on premises"", ""Cleaning available during stay"", ""Washer"", ""Self check-in"", ""Clothing storage: wardrobe"", ""Essentials""]",499.0,3,365,t,29,59,89,89,2024-09-25,2,2024-02-28,2024-07-17,4.0,4.5,2.5,5.0,5.0,4.5,3.5,t,0.28
16811,988877820282440763,https://www.airbnb.com/rooms/988877820282440763,20240925020907,2024-09-25,previous scrape,Monthly! Sukhumvit NANA spacious 2BR  near BTS ARL,"ã€tenancyã€‘<br />The guest should rent this room for at least a month. You need to pay a deposit,and i will refund the deposit after you check out. You can contact me for details ^^",201677068,https://www.airbnb.com/users/show/201677068,Curry,2018-07-11,"Bangkok, Thailand",within an hour,1.0,1.0,f,Lower Sukhumvit,462,"['email', 'phone']",t,t,,Entire rental unit,Entire home/apt,3,,2.0,,"[""Gym"", ""Smoke alarm"", ""Dedicated workspace"", ""Hot water"", ""Carbon monoxide alarm"", ""Pool"", ""Hangers"", ""Room-darkening shades"", ""Hot water kettle"", ""Hair dryer"", ""Refrigerator"", ""Patio or balcony"", ""Clothing storage"", ""Microwave"", ""TV"", ""Luggage dropoff allowed"", ""Dining table"", ""Air conditioning"", ""Wifi"", ""Bed linens"", ""Kitchen"", ""Building staff"", ""Elevator"", ""Long term stays allowed"", ""Exercise equipment"", ""Dishes and silverware"", ""Drying rack for clothing"", ""Cleaning available during stay"", ""Washer"", ""City skyline view"", ""Self check-in"", ""Backyard"", ""Iron"", ""Private entrance""]",,28,180,t,5,29,59,334,2024-09-25,3,2024-03-10,2024-06-22,3.33,3.33,2.67,3.67,4.33,4.0,4.0,t,0.45
20345,1122110014274533247,https://www.airbnb.com/rooms/1122110014274533247,20240925020907,2024-09-25,city scrape,2 bedrooms with pool view,"2 bedrooms, 2 bathrooms, kitchen and best swimming pool view.<br />Just 6 minutes walk to a big shopping centre ""The Mall"" and ""Makro"".<br />My place is good for couples and families.",492463555,https://www.airbnb.com/users/show/492463555,Hon Yuen,2022-12-23,,within an hour,1.0,1.0,f,,4,['phone'],t,t,,Entire rental unit,Entire home/apt,4,2.0,2.0,2.0,"[""Microwave"", ""TV"", ""Smoke alarm"", ""Pool"", ""Lockbox"", ""Washer"", ""Haier refrigerator"", ""Air conditioning"", ""Wifi"", ""Hair dryer"", ""Self check-in"", ""Kitchen"", ""Shared gym nearby""]",1229.0,1,1125,t,27,57,87,267,2024-09-25,3,2024-04-10,2024-06-18,3.33,3.67,2.67,4.67,4.33,3.67,3.0,t,0.53
20898,1138050970560620224,https://www.airbnb.com/rooms/1138050970560620224,20240925020907,2024-09-25,city scrape,Sukhumvit 77,The whole group of guests are going anywhere. It's easy to do anything because it's in the heart of the city.,531173225,https://www.airbnb.com/users/show/531173225,Tawanrung,2023-08-11,"Bangkok, Thailand",within an hour,1.0,1.0,t,,10,"['email', 'phone']",t,t,,Private room in rental unit,Private room,2,1.0,1.0,1.0,"[""TV"", ""Smoke alarm"", ""Lock on bedroom door"", ""Dedicated workspace"", ""Exterior security cameras on property"", ""Lockbox"", ""Washer"", ""Dining table"", ""Air conditioning"", ""Other induction stove"", ""Wifi"", ""Hot water kettle"", ""Self check-in"", ""Kitchen"", ""Refrigerator"", ""Dishes and silverware""]",800.0,14,365,t,14,27,57,332,2024-09-25,1,2024-07-03,2024-07-03,4.0,5.0,2.0,5.0,5.0,4.0,3.0,f,0.35
21367,1151188929307411489,https://www.airbnb.com/rooms/1151188929307411489,20240925020907,2024-09-25,city scrape,Xt Ekkamai 5/259/39,Zero guest service fee<br /><br />1 bed 1 bathroom,403010183,https://www.airbnb.com/users/show/403010183,Suwasee,2021-05-23,,within an hour,1.0,0.87,f,,21,"['email', 'phone']",t,t,,Private room in rental unit,Private room,2,1.0,1.0,1.0,"[""TV"", ""Pool table"", ""Lock on bedroom door"", ""Smoke alarm"", ""Exterior security cameras on property"", ""Fire extinguisher"", ""Washer"", ""Dedicated workspace"", ""Free carport on premises"", ""Air conditioning"", ""Pool"", ""Wifi"", ""Hair dryer"", ""Self check-in"", ""Kitchen"", ""Building staff"", ""Exercise equipment: elliptical, free weights, stationary bike, treadmill, yoga mat, workout bench""]",1200.0,30,365,t,0,0,24,141,2024-09-25,1,2024-07-03,2024-07-03,5.0,5.0,2.0,5.0,5.0,5.0,3.0,f,0.35
22198,1177597593123152993,https://www.airbnb.com/rooms/1177597593123152993,20240925020907,2024-09-25,city scrape,2ç±³è¶…å¤§åºŠ/åŒåºŠ/silomå•†åœˆ/å¤©é“/æ³³æ± å…¬å¯“-3,"[Night market near the apartment]<br /><br />- Silom Palong Night Market: 2km<br /><br />- River Side Night Market: 2.7KM/ Go to Sathorn Pier by boat - Shilongjun Road Night Market: 1.6KM/ Bangkok's oldest road, CNN recommends a gourmet street, gathering a number of affordable Michelin restaurants;<br /><br />[Massage shop] - Community massage shop<br /><br />- Silom area massage shop<br /><br />[Mall]<br /><br />The core shopping district is basically within 5 km, easy and easy to use Grab;<br /><br />- ICONSIAM: Go to Sathorn Pier by boat to<br /><br />-Siam business district: BTS6 station arrival;<br /><br />- Silom shopping district: 5 minutes by motorcycle;<br /><br />-Teiminal 21 RAMA3: 3km by car;",569158333,https://www.airbnb.com/users/show/569158333,Lucky,2024-03-26,"Bangkok, Thailand",within an hour,0.83,1.0,f,,22,"['email', 'phone']",t,t,,Entire rental unit,Entire home/apt,4,1.0,1.0,2.0,"[""Dedicated workspace"", ""Hot water"", ""Pool"", ""Hot water kettle"", ""Hair dryer"", ""Refrigerator"", ""Clothing storage"", ""Microwave"", ""TV"", ""Dining table"", ""Outdoor shower"", ""Air conditioning"", ""Wifi"", ""Kitchen"", ""Shampoo"", ""Elevator"", ""Exercise equipment"", ""Dishes and silverware"", ""Washer"", ""Cleaning products"", ""Shower gel"", ""Heating"", ""Cooking basics"", ""Essentials""]",821.0,1,365,t,25,55,85,86,2024-09-25,3,2024-08-22,2024-09-22,3.33,3.0,2.33,2.67,3.0,4.33,3.33,t,2.57
22558,1191204102396180700,https://www.airbnb.com/rooms/1191204102396180700,20240925020907,2024-09-25,previous scrape,"Heyyyy Bangkok, Unique Hostel near ARL-MRT Huamak","Heyyyy Bangkok is a stylish and unique hostel that offers a charming blend of vintage decor, modern comfort and designed with thoughtful touches to create a peaceful atmosphere located in the heart of BKK<br /> <br />Our 1-BR suite features a cozy Queen bed, ensuring a private and relaxing to stay. Start your day with breakfast at our Coffee Shop & Bistro on the 1st floor (International Brunch also Thai local meals), Surrounding an oasis area of convenience with everything you need just a short walk away.",586808376,https://www.airbnb.com/users/show/586808376,Heyy Bangkok,2024-07-01,,within an hour,1.0,1.0,f,,6,"['email', 'phone']",t,t,"Suan Luang, Bangkok, Thailand",Room in boutique hotel,Private room,2,,1.0,,"[""Dedicated workspace"", ""Hot water"", ""Board games"", ""Kitchenette"", ""Hangers"", ""Extra pillows and blankets"", ""First aid kit"", ""Room-darkening shades"", ""Toaster"", ""Hot water kettle"", ""Hair dryer"", ""Freezer"", ""Breakfast"", ""Refrigerator"", ""Pets allowed"", ""Clothing storage"", ""TV"", ""Luggage dropoff allowed"", ""Exterior security cameras on property"", ""Coffee maker"", ""Rice maker"", ""Air conditioning"", ""Dining table"", ""Wifi"", ""Conditioner"", ""Bed linens"", ""Coffee"", ""Building staff"", ""Shampoo"", ""Long term stays allowed"", ""Laundromat nearby"", ""Dishes and silverware"", ""Books and reading material"", ""Free parking on premises"", ""Drying rack for clothing"", ""Free street parking"", ""Cleaning available during stay"", ""Cleaning products"", ""Self check-in"", ""Shower gel"", ""Fire extinguisher"", ""Private living room"", ""Essentials""]",,1,365,t,30,60,90,365,2024-09-25,1,2024-07-19,2024-07-19,4.0,3.0,2.0,5.0,5.0,2.0,4.0,t,0.43
